company_name,company_website,city,active_project,project_type,project_url,approximate_unit_count,target_market,current_digital_experience,identified_problem,opportunity_for_our_product,public_contact_name,public_contact_role,public_business_email,public_business_phone,linkedin_company_url,instagram_url,source_1,source_2,last_verified_date,lead_score,priority,recommended_channel,personalized_demo_angle,notes
"Anfa Realties","https://www.anfarealties.com/","Casablanca","Aeria Park ; Anfa Heaven (Ain Diab extension) ; Les Villas d'Anfa Marrakech","Appartements haut standing ; villas en domaine sécurisé","https://www.anfarealties.com/aeria-park/","Non publié — Villas d'Anfa Marrakech annoncé sur 14,5 ha","Haut de gamme, acquéreurs marocains et MRE","Site vitrine dont la section projets ne s'affiche pas ; pied de page avec liens de contact vides (tel:null, mailto:null) ; deux formulaires (brochure, visite) avec liste déroulante de projets","Le site ne permet ni de voir les projets ni de contacter l'entreprise : les liens téléphone et e-mail du pied de page sont vides. Aucune disponibilité de lot n'est consultable.","Reconstruire le parcours acheteur complet : présentation par projet, inventaire par bâtiment et étage, statuts, fiches lot. Le contraste avec le site actuel est le plus fort de toute la base.","","","","","https://ma.linkedin.com/company/anfa-realties","","https://www.anfarealties.com/","https://www.lebrief.ma/anfa-realties-lance-les-villas-danfa-marrakech-100148075/","2026-07-24","96","A","LinkedIn puis e-mail via formulaire","Reprendre l'identité Anfa Realties sur le prototype et présenter Aeria Park avec un sélecteur de bâtiment et d'étage — en n'utilisant que les faits publiés sur leur site.","Défaut technique du site vérifié le 24/07/2026 (liens de contact nuls). Aucune adresse e-mail ni téléphone publié : Non vérifié. Lancement Villas d'Anfa Marrakech annoncé le 10/04/2026 par Le Brief."
"Saham Immobilier","https://sahamimmobilier.com/","Casablanca","Almaz (Casablanca) ; Vert Marine (Dar Bouazza) ; Hamilton (Sidi Maarouf / Bouskoura) ; Le 25 (Bouskoura / Sidi Maarouf)","Résidences, duplex, villas, appartements ; ensembles mixtes avec commerces","https://sahamimmobilier.com/nos-projets","Non publié — Hamilton comprend 3 résidences fermées distinctes","Moyen-haut de gamme urbain, familles et jeunes actifs","Pages projet avec brochures téléchargeables et visites virtuelles 360° ; aucune recherche de lot, aucun filtre de disponibilité, aucun plan d'étage interactif","Le visiteur voit de belles images mais ne peut pas savoir quels lots restent, à quel étage ni à quel prix. Il doit appeler le 05 20 88 44 22 pour toute information de disponibilité.","Hamilton comporte trois résidences (duplex, villas, appartements) : c'est exactement le cas d'usage du sélecteur bâtiment/étage. Ils ont déjà investi dans la 360° — notre couche inventaire la complète au lieu de la remplacer.","","","","05 20 88 44 22","https://www.linkedin.com/company/sahamimmobilier","","https://sahamimmobilier.com/","https://www.linkedin.com/company/sahamimmobilier","2026-07-24","95","A","LinkedIn puis téléphone","Personnaliser le prototype aux couleurs Saham Immobilier sur le projet Hamilton, avec un sélecteur des trois résidences et des statuts de lots.","Aucune adresse e-mail publiée sur le site : Non vérifié. Filiale du groupe Saham."
"Yasmine Immobilier (Yasmine Signature)","https://yasmine-immobilier.com/","Casablanca","Les Tours Végétales ; Les Pavillons Anfa Club ; gamme Yasmine Signature (Majorelle, Ghandi, Ain Diab, Racine, Maarif) ; Tour Jasmin","Résidentiel de luxe, résidences balnéaires, bureaux haut de gamme","https://yasmine-immobilier.com/groupe/","Non publié — plus de 20 ans d'activité, gamme luxe multi-adresses","Luxe urbain casablancais, investisseurs et MRE","Pages projet illustrées, formulaire de contact, inscription newsletter, option « Parler à notre agent », liens WhatsApp ; aucune recherche de lot ni filtre de disponibilité","Une gamme luxe répartie sur cinq adresses casablancaises sans aucun moyen en ligne de comparer les lots disponibles entre elles.","Recrutement public d'un Directeur Commercial Immobilier (Casablanca et Marrakech) : une équipe de vente structurée existe et cherche des outils. Le comparateur multi-adresses est un angle unique pour eux.","","","","+212 (0)5 22 39 90 90","","","https://yasmine-immobilier.com/","https://www.rekrute.com/offre-emploi-directeur-commercial-immobilier-recrutement-yasmine-immobilier-casablanca-marrakech-14460.html","2026-07-24","93","A","Téléphone puis e-mail via formulaire","Personnaliser le comparateur sur deux adresses Yasmine Signature pour montrer un acheteur qui arbitre entre Racine et Ain Diab sans appeler un commercial.","Aucune adresse e-mail publiée : Non vérifié. L'annonce de recrutement est un signal de timing, à revérifier avant contact."
"Alliances Développement Immobilier","https://www.alliances.co.ma/","Casablanca","Non identifiable sur le site : la section « projets en cours » renvoie une erreur de chargement","Logement social (Alliances Darna), moyen standing (Alliances Résidences), luxe (Alliances Créations)","https://www.alliances.co.ma/","Plus de 70 projets immobiliers revendiqués sur le site","Trois segments, du social au luxe","Site corporate ; la section des projets en cours affiche une erreur de chargement au 24/07/2026 ; aucune recherche, aucun filtre, aucune disponibilité","Un promoteur coté à la Bourse de Casablanca dont les projets en cours ne s'affichent pas sur son propre site. Aucun acheteur ne peut consulter une disponibilité.","Trois marques distinctes (Darna, Résidences, Créations) = trois bureaux de vente digitaux possibles, avec un socle commun. Fort potentiel de contrat multi-programmes.","","","","+212 5 20 10 40 00","","","https://www.alliances.co.ma/","https://medias24.com/2026/04/20/addoha-alliances-rds-trois-groupes-trois-trajectoires-tres-differentes-en-bourse-1662561/","2026-07-24","91","A","LinkedIn / courrier au siège","Montrer un bureau de vente digital sur la marque Alliances Créations, en mettant en avant que le prospect accède aux disponibilités en 3 clics.","Erreur de chargement vérifiée le 24/07/2026. Grande entreprise cotée : cycle de décision long, prévoir un interlocuteur marketing plutôt que la direction générale. Adresse : 16 rue Ali Abderrazak, Casablanca."
"KLK Khayatey Living","https://klk.ma/","Casablanca","Larimar (Casablanca) ; The Exclusive (Dar Bouazza) ; Les Agates (Dar Bouazza) ; Alboustane (Dar Bouazza) ; Chemsi (Casablanca) ; Abouab Alfalah (Marrakech)","Appartements, villas, lots de villas, lots R+2","https://klk.ma/","Non publié — 6 projets simultanés","Moyen-haut de gamme, familles et investisseurs","Pages projet, showroom virtuel, brochures téléchargeables, prise de rendez-vous, WhatsApp ; aucune recherche de lot avec statut ni plan d'étage interactif","Six projets simultanés présentés côte à côte sans qu'un acheteur puisse voir un seul lot disponible ni comparer deux appartements.","Larimar (appartements) se prête directement au sélecteur d'étage ; les projets de lots de villas nécessitent une variante plan de masse — bon test de polyvalence du produit.","","","","+212 80 200 28 28","https://www.linkedin.com/company/klk-khayatey-living","","https://klk.ma/","https://www.linkedin.com/company/klk-khayatey-living","2026-07-24","89","A","LinkedIn puis téléphone","Personnaliser le prototype sur Larimar (appartements Casablanca) avec sélecteur d'étage et statuts, et montrer une variante plan de masse pour Les Agates.","Adresse e-mail affichée sur le site mais masquée à la lecture automatique : Non vérifié, à relever manuellement. Adresse : 13 Boulevard de Libya, Casablanca 20250."
"Groupe Mfadel","https://groupemfadel.com/","Mohammedia","Sohaus (Domaine d'Anfa, Casablanca) ; Uptown (Casa Anfa) ; WeLive (Casa Finance City) ; M Tower (Casa Finance City)","Résidentiel haut de gamme et immobilier tertiaire","https://groupemfadel.com/","Non publié","Haut de gamme urbain, Casa Anfa et Casa Finance City","Pages projet avec galeries, agent conversationnel WhatsApp « FADELIA », formulaire de contact ; aucune recherche de lot, aucun filtre, aucun plan","Positionné sur les adresses les plus chères de Casablanca (Casa Anfa, CFC) avec un site qui ne montre aucun lot ni aucun prix. L'écart entre le positionnement et l'outil de vente est maximal.","Sohaus et Uptown sont des immeubles à étages sur des adresses premium : cas d'usage idéal du sélecteur d'étage avec vue et orientation, arguments décisifs sur ce segment.","","","","+212 523 305 306","https://ma.linkedin.com/company/mk-groupe-mfadel","","https://groupemfadel.com/","https://ma.linkedin.com/company/mk-groupe-mfadel","2026-07-24","89","A","LinkedIn puis téléphone","Personnaliser le prototype sur Sohaus (Domaine d'Anfa) en mettant l'orientation et l'étage au cœur du choix — les deux critères qui font le prix sur Casa Anfa.","Second téléphone publié : +212 529 000 300. Aucune adresse e-mail publiée sur la page d'accueil : Non vérifié. Siège : Résidence Kamal Park Center, angle Bd Zerktouni et Bd de Fès, Imm A, 8e étage, Mohammedia."
"Glorious Groupe","https://gloriousgroupe.ma/","Tanger","Glorious Nouaceur (500+ appartements) ; Glorious Park (400+ unités) ; Glorious Mansoria (300 appartements) ; Glorious Gueznaia (210 appartements) ; Glorious Harmony (200+ unités) ; Glorious Zenata (150+ unités)","Appartements de standing, villas, bureaux","https://gloriousgroupe.ma/promoteur-immobilier-a-tanger/","500+ sur Nouaceur ; 400+ sur Park ; plus de 1 800 unités cumulées sur les projets en cours","Moyen-haut de gamme, Tanger et région de Casablanca","Pages projet descriptives, formulaire de contact avec sélection du projet, boutons d'appel, blog ; aucun outil en libre-service, aucune disponibilité, aucun filtre","Ils publient des volumes importants (500+, 400+, 300…) sans qu'un acheteur puisse voir un seul lot. Sur des programmes de cette taille, les commerciaux passent leur journée à répondre à des questions de disponibilité.","Le meilleur rapport volume/faiblesse digitale de la base. Un programme de 500 appartements sans inventaire en ligne est le cas d'école du bureau de vente digital.","","","contact@gloriousgroupe.ma","+212 5 22 99 17 33","","","https://gloriousgroupe.ma/","https://gloriousgroupe.ma/appartement-a-tanger-neuf/","2026-07-24","88","A","E-mail puis téléphone","Personnaliser sur Glorious Nouaceur (500+ appartements) : montrer la recherche par étage et budget sur un volume comparable au leur.","Seconde adresse publiée : info@gloriousgroupe.ma. Second téléphone : +212 6 62 20 50 65. Siège : Belgi Center, 17 rue Ibn Khalikane, 3e étage, Palmier V, Casablanca. Fondé en 1970 à Tanger."
"Groupe Mtilak","https://www.groupemtilak.com/","Marrakech","Résidence Sky Gardens (285 appartements, Marrakech) ; Oceano E Verde (280 unités, Essaouira) ; Résidence Azure (52 villas, Marrakech) ; Terrace Beach 2 (65, Essaouira) ; Le Pacha (56) ; Amyot (56, Casablanca) ; Symphonie (55) ; Taylor (43)","Appartements, villas, studios, duplex, commerces","https://www.groupemtilak.com/","285 sur Sky Gardens ; 280 sur Oceano E Verde ; environ 890 unités cumulées publiées","Moyen-haut de gamme, Marrakech, Essaouira, Casablanca","Pages projet avec surface et nombre de lots, contact par formulaire, WhatsApp, e-mail, téléphone ; aucune recherche de disponibilité, aucun filtre, aucun plan","Ils publient déjà le nombre de lots par résidence — donc ils pensent en inventaire — mais aucun de ces lots n'est consultable individuellement en ligne.","Sky Gardens (285 appartements) est le programme le mieux dimensionné de la base pour une démonstration. Ils ont déjà la donnée, il ne manque que l'interface.","","","contact@groupemtilak.com","05 24 43 10 31","","","https://www.groupemtilak.com/","https://immojahez.com/promoteurs-immobiliers-au-maroc/","2026-07-24","88","A","E-mail puis téléphone","Personnaliser sur Sky Gardens (285 appartements) : filtre par étage, budget et surface sur un volume réel qu'ils reconnaîtront.","Attention : ils exploitent une « Résidence Azure » à Marrakech, homonyme de notre programme de démonstration. Renommer explicitement la démo personnalisée pour éviter toute confusion. Autres téléphones publiés : 06 68 92 76 45, 06 36 99 74 21. Adresse : Imm Ismail, Bd Yaacoub El Mansour, Marrakech."
"Al Maghribia Lil Istitmar","https://www.almaghribialilistitmar.com/","Agadir","Agadir Bay (quartier Founty, zone de 60 hectares, phases 2 et 3 en développement) ; Agadir City Center","Pôle urbain mixte : résidentiel haut de gamme, hôtellerie, commerces, loisirs","https://www.almaghribialilistitmar.com/poles-dactivite/immobilier/promotion-immobiliere/","Non publié — première phase de 400 000 m² SHON achevée","Haut de gamme balnéaire, acquéreurs nationaux et étrangers","Site corporate holding : présentation des pôles d'activité, newsletter, menus de navigation ; aucune page de commercialisation, aucune disponibilité, aucun visuel de lot","Le plus grand projet urbain d'Agadir n'a aucun outil de commercialisation en ligne. Le site parle d'aménagement, pas de vente.","Agadir Bay est en phases 2 et 3 : le moment idéal pour équiper la commercialisation. Un bureau de vente digital par tranche est un contrat récurrent naturel.","","","contact@almaghribialilistitmar.com","05 28 22 65 65","","","https://www.almaghribialilistitmar.com/poles-dactivite/immobilier/promotion-immobiliere/","https://programmes-immobilier.com/projet-immobilier-agadir-2026/","2026-07-24","88","A","E-mail puis téléphone","Construire une démonstration « tranche 2 d'Agadir Bay » avec sélection par bâtiment et vue mer — sans inventer un seul chiffre : uniquement les faits publiés (60 ha, Founty, phases 2-3).","Holding diversifiée. Le service qui décide n'est pas identifié publiquement : viser la direction de la promotion immobilière."
"Compagnie Générale Immobilière (CGI)","https://www.cgi.ma/","Casablanca","20 projets en cours dont Azur Valley (Dar Bouazza) ; Panorama 16 ; Greenside ; Greenpark ; GreenStone ; The Corner (Casablanca) ; Les Orangers de Targa (Marrakech)","Appartements F2 à F5, villas, pavillons, commerces","https://www.cgi.ma/","Non publié par lot — 20 projets en cours, 10 showrooms","Du résidentiel intermédiaire au haut de gamme","Filtres par ville, type de bien, statut et budget ; disponibilité affichée par typologie (F2-F5) et prix de départ ; aucun lot individuel, aucun plan d'étage, aucun statut par lot","Ils affichent déjà les typologies disponibles par projet — la marche suivante (le lot précis, son étage, son orientation, son prix) manque, et c'est celle qui déclenche la visite.","Base de comparaison idéale : ils ont déjà accepté l'idée du filtre. La vente porte sur le passage du niveau projet au niveau lot. Azur Valley (F4, F4+, F5 de 112 à 146 m²) est le support de démonstration.","","","info@cgi.ma","080 100 28 28","","","https://www.cgi.ma/","https://agenz.ma/en/immobilier-neuf/immo-bouskoura/dar-bouazza/azur-valley-appartements-cgi","2026-07-24","86","A","E-mail puis showroom","Personnaliser sur Azur Valley (Dar Bouazza) : reprendre leurs typologies publiées F4/F4+/F5 de 112 à 146 m² et montrer le choix du lot par étage.","Filiale du groupe CDG. Cycle de décision institutionnel : prévoir un interlocuteur marketing/digital. Showrooms ouverts lundi-vendredi 9h-19h, samedi 10h-18h."
"Prestigia Luxury Homes","https://prestigia-morocco.com/","Casablanca","Bouskoura Golf City (Casablanca) ; Ryad Al Andalous (Rabat, 5 260 unités, 54 ha) ; Marrakech Golf City (2 750 unités) ; Argan Golf Resort (1 040 unités) ; Rabat Riviera Golf Living (1 000+ unités) ; Fès City Center (1 430 unités) ; Argan Signature (60 unités)","Appartements et villas de luxe en resort golfique","https://prestigia-morocco.com/programmes-immobilier/ryad-al-andalous-rabat/","5 260 sur Ryad Al Andalous ; 2 750 sur Marrakech Golf City ; volumes publiés par projet","Luxe, MRE et investisseurs étrangers","Filtres par ville, type de bien, chambres et budget ; pages projet descriptives avec formulaire et rappel téléphonique ; aucun statut de lot, aucun plan d'étage, aucune donnée par unité","Des programmes de plusieurs milliers d'unités commercialisés sans qu'un acheteur puisse consulter une seule disponibilité. Le rappel téléphonique est le seul chemin.","Bouskoura Golf City est le jumeau réel de notre démonstration Azure Bouskoura — même ville, même segment. La personnalisation est presque immédiate.","","","","0801 006 006","","","https://prestigia-morocco.com/","https://www.lagenceimmobiliere.ma/comparateur-promoteurs-immobilier-luxe-maroc/","2026-07-24","86","A","Téléphone puis courrier au siège","Bouskoura Golf City : reprendre notre démonstration Azure Bouskoura, ville identique, et montrer le sélecteur d'îlot et d'étage. Angle de personnalisation le plus direct de la base.","Marque premium du Groupe Addoha. Siège : Km 7, Route de Rabat, Ain Sebâa, Casablanca. Aucune adresse e-mail publiée : Non vérifié. Décision probablement centralisée chez Addoha."
"Palmeraie Immobilier (Palmeraie Développement)","https://www.palmeraie-immobilier.ma/","Marrakech","California Golf Resort (Bouskoura) ; La Colline de l'Océan et Ocean Palm (Dar Bouazza) ; Palm Square (Casablanca) ; Le Pavillon du Golf, Secret Garden, Les Jardins de l'Atlas, Les Jardins de la Palmeraie (Marrakech)","Villas, appartements, duplex, pavillons en resort","https://www.palmeraie-immobilier.ma/","California Golf Resort : 550 villas et 400 appartements sur 127 ha selon la presse spécialisée","Luxe et haut de gamme, MRE et étrangers","Recherche par ville, type de bien, nombre de pièces et surface, avec filtre par équipements (écoles, golf, commerces) ; navigation au niveau du projet uniquement, aucune disponibilité par lot","Un resort de 950 unités (550 villas + 400 appartements) sans inventaire consultable. Les acheteurs étrangers et MRE, qui décident à distance, sont les plus pénalisés.","Clientèle MRE et étrangère : ce sont eux qui ont le plus besoin de choisir un lot en ligne avant de se déplacer. Argument de vente très concret pour ce promoteur.","","","","+212 5 20 12 12 12","","","https://www.palmeraie-immobilier.ma/","https://www.sarouty.ma/blog/quels-sont-les-nouveaux-projets-immobiliers-autour-de-casablanca-en-2026/","2026-07-24","86","A","Téléphone puis LinkedIn","California Golf Resort (Bouskoura) : démonstration ciblée sur l'acheteur MRE qui choisit sa villa depuis l'étranger, avec comparateur et simulateur de financement.","Chiffres 550 villas / 400 appartements issus de la presse spécialisée, à reconfirmer auprès du promoteur avant tout usage commercial. Aucune adresse e-mail publiée : Non vérifié."
"OB Real Estate (OB Invest)","https://obrealestate.ma/","Dar Bouazza","Garden View (Dar Bouazza, investissement d'environ 600 millions de dirhams) ; Kanopi Villas (Bouskoura) ; Les Jardins de la Medina et Jnane L'fekhar (Marrakech) ; Les Oliviers (Berrechid) ; Zohrate L'khayr (Deroua)","Appartements traversants F3 et F4 ; villas ; lots de terrain","https://obrealestate.ma/","Non publié — investissement de 600 MDH annoncé sur Garden View","Haut standing familial, proximité écoles internationales et Morocco Mall","Pages vitrines de projets avec descriptions et images, formulaire de contact ; aucune recherche de disponibilité, aucun filtre, aucun plan d'étage","Un projet de 600 MDH lancé avec une couverture presse nationale, et un site qui ne permet pas de voir un seul appartement. Le numéro de téléphone affiché est un numéro de remplissage (06 00 00 00 00).","Lancement récent et fortement médiatisé : le budget de commercialisation est ouvert maintenant. Garden View (F3/F4 traversants, 6 000 m² d'espaces verts) est un support de démonstration idéal.","","","Contact@obrealestate.ma","","","","https://obrealestate.ma/","https://www.leconomiste.com/perspective/1131843-le-groupe-ob-real-estate-annonce-le-lancement-de-son-nouveau-projet-garden-view","2026-07-24","85","A","E-mail puis téléphone","Garden View : personnaliser le prototype avec les faits publiés (F3/F4 traversants, 6 000 m² d'espaces verts, résidence fermée, proximité école belge) et un sélecteur d'étage.","Téléphone affiché sur le site = 06 00 00 00 00, valeur de remplissage manifeste : non retenu comme contact. Bureau : Florida Centre Park 2, bureau 10, 1er étage, Casablanca-Sidi Maârouf. Groupe historiquement actif dans la région Safi-Marrakech."
"Next House Group","https://nexthousegroup.ma/","Casablanca","La Vallée Dar Bouazza ; Next House Domaine d'Anfa (Casablanca) ; Next House Marrakech et Marrakech 2 (Ourika) ; Next House Zenata Eco-City","Appartements, villas, bureaux, commerces","https://nexthousegroup.ma/","Non publié — 5 projets simultanés","Premium urbain et balnéaire","Filtres par type de bien, marque, projet et ville ; pages projet, brochures, formulaires, WhatsApp, prise de rendez-vous ; aucune disponibilité par lot, aucun plan","Cinq programmes premium simultanés, aucune disponibilité consultable. Le site oriente systématiquement vers un contact humain pour la moindre question de lot.","Ils ont déjà accepté le principe du filtre multi-critères : la vente consiste à descendre du projet au lot. Le portefeuille multi-programmes ouvre un contrat cadre.","","","","+212 5 29 29 29 89","","","https://nexthousegroup.ma/","https://www.icidarbouazza.com/dar-bouazza-projets-immobilier-2025/","2026-07-24","85","A","Téléphone puis LinkedIn","La Vallée Dar Bouazza : sélecteur de bâtiment et d'étage, statuts, et démonstration du tableau de bord promoteur pour piloter 5 programmes depuis une seule interface.","Ancien domaine nexthouse.ma redirigé (301) vers nexthousegroup.ma. Adresse : Résidence Next House Casa Anfa, Boulevard des Clubs, Casablanca. Aucune adresse e-mail publiée : Non vérifié."
"Assafaa Bayt","https://assafaabayt.com/","Marrakech","Résidence Jibal Guéliz ; Atlas Mountain View ; Chrifia Residences 1 et 2 ; Résidence La Source ; Assafaa Victor Hugo 1 à 4 ; Kayssaria Assafaa","Appartements, studios, villas, commerces","https://assafaabayt.com/","4 617 biens commercialisés et 627 unités livrées revendiqués sur le site ; plus de 22 projets","Moyen et haut de gamme, région Marrakech-Safi","Pages projet, brochures via formulaire, fiches PDF, boutons WhatsApp et téléphone ; aucune recherche de lot en libre-service, aucun filtre de disponibilité","Plus de 4 600 biens commercialisés et pas une seule disponibilité consultable en ligne. Le volume traité rend le suivi manuel très coûteux.","Volume très élevé sur une seule région : le tableau de bord promoteur (offre 3) a un retour sur investissement évident. Cible naturelle pour l'offre haute.","","","contact@assafaabayt.com","+212 684282027","","","https://assafaabayt.com/","https://immojahez.com/promoteurs-immobiliers-au-maroc/","2026-07-24","81","A","E-mail puis WhatsApp","Résidence Jibal Guéliz : sélecteur d'étage et statuts, puis démonstration du tableau de bord sur le volume qu'ils annoncent (4 617 biens).","Second téléphone publié : +212 (0) 7 70 00 02 46. Bureaux à Guéliz et route de Casablanca, Marrakech. Chiffres 4 617 / 627 déclarés par l'entreprise, non audités."
"SGTM Immobilier","https://www.sgtm-immobilier.com/","Casablanca","Résidence Yasmine Tamesna ; Nawal Bernoussi (Casablanca) ; Kenz Mehdia ; Riad Al Jadida ; Riad Dalila (Fès) ; Ines Berrechid","Logement social, lots de terrain, appartements moyen standing et haut standing","https://www.sgtm-immobilier.com/","Non publié — 6 projets simultanés","Du social au moyen-haut standing","Filtrage par catégorie de produit, pages projet avec images, brochure téléchargeable, formulaire « Être rappelé » ; aucune disponibilité par lot, aucun plan","Filiale immobilière d'un grand groupe de BTP, avec un site qui reste au niveau de la plaquette. Le rappel téléphonique est le seul chemin vers une information de disponibilité.","Adossé à la Société Générale des Travaux du Maroc : capacité d'investissement élevée et plusieurs programmes récurrents. Bon profil pour un contrat cadre multi-programmes.","","","contact@sgtm-immobilier.com","+212 5 22 10 60 02","","","https://www.sgtm-immobilier.com/","https://immojahez.com/promoteurs-immobiliers-au-maroc/","2026-07-24","81","A","E-mail puis téléphone","Résidence Yasmine Tamesna : montrer le passage de la brochure PDF à l'inventaire vivant, avec statuts modifiables en direct depuis le tableau de bord.","Filiale de la Société Générale des Travaux du Maroc, active dans l'immobilier neuf depuis 2007. Siège administratif à Casablanca."
"Syam Living","https://syamliving.com/","Marrakech","Nour Land (livraison juillet 2027) ; Arizona (T2 2026) ; Adam Palm (T3 2025) ; Eden Plaza ; Eden Malak (Témara)","Résidentiel et commerces","https://syamliving.com/","Non publié — 6 projets, 5 en cours","Haut standing, Marrakech et Témara","Fiches projet avec ville, date de livraison et prix de départ ; liens « Voir disponibilité » vers des pages projet ; formulaire de contact et newsletter ; aucune disponibilité réelle par lot, aucun filtre, aucun plan","Le site promet « Voir disponibilité » mais aboutit à une page projet sans aucun lot. C'est une promesse non tenue, visible par chaque visiteur.","Ils ont déjà écrit le mot « disponibilité » sur leur site : le besoin est formulé, l'outil manque. Angle d'accroche exceptionnellement direct.","","","","","","","https://syamliving.com/","https://www.chridari.ma/fr/promoters","2026-07-24","81","A","Formulaire du site puis visite au siège","Reprendre littéralement leur bouton « Voir disponibilité » et montrer ce qu'il devrait ouvrir : la liste des lots de Nour Land par étage, avec statuts.","Aucun téléphone ni e-mail publié sur le site : Non vérifié. Adresse : Lot. Amazay 4, Av Acharaf, Marrakech 40000. Contact possible uniquement par formulaire ou sur place."
"BNG Immo","https://bngimmo.com/","Marrakech","Émeraude 3 · M Avenue (142 appartements, Grand Hivernage) ; Jardin d'Alma (88 villas familiales, route d'Ourika) ; Naïa Hills (79 lots constructibles) ; M Resort (route d'Amizmiz) ; Elyazia (route de Casablanca)","Appartements haut de gamme, villas familiales, studios, duplex, lots constructibles","https://bngimmo.com/","142 sur Émeraude 3 ; 88 sur Jardin d'Alma ; 79 sur Naïa Hills","Haut de gamme, clientèle internationale (site en FR, EN, NL)","Simulateurs, prise de rendez-vous en visioconférence, galeries, FAQ, sélecteur de langue ; aucune disponibilité par lot, aucun sélecteur d'étage","Le site est plus abouti que la moyenne mais s'arrête au projet. Sur Émeraude 3 (142 appartements), un acheteur néerlandophone ne peut pas voir un seul lot.","Clientèle internationale à distance et volumes publiés par projet : c'est le prospect qui comprendra le plus vite la valeur de l'inventaire en ligne.","","","contact@bngimmo.com","+212 6 15 16 27 19","","","https://bngimmo.com/en","https://www.chridari.ma/fr/promoters","2026-07-24","81","A","E-mail puis visioconférence","Émeraude 3 · M Avenue (142 appartements) : sélecteur d'étage et comparateur, en soulignant l'acheteur étranger qui choisit avant de venir. Proposer le rendez-vous par leur propre outil de visio.","Adresse : Complexe commercial Cherifa, Marrakech. Site déjà trilingue — la version arabe reste une option à chiffrer."
"Groupe Al Nour","https://groupealnour.ma/","Marrakech","Nour Sakane ; Nour Confort Guéliz ; Nour Confort Targa ; Nour Prestige ; Nour Prestige Targa ; Nour Horizon","Appartements et résidences","https://groupealnour.ma/","Non publié — 6 projets ; 4 projets recensés par un portail tiers","Moyen et haut de gamme, Marrakech","Pages projet illustrées, formulaire de contact, boutons d'appel ; aucune recherche de disponibilité, aucun filtre, aucun plan d'étage","Six résidences en parallèle sur une même ville, sans aucun moyen pour l'acheteur de comparer les lots entre deux d'entre elles.","Portefeuille concentré sur une seule ville avec des gammes distinctes (Confort, Prestige) : le comparateur inter-résidences est un argument sur mesure.","","","contact@groupealnour.ma","+212 5 24 43 43 72","","","https://groupealnour.ma/","https://www.chridari.ma/fr/promoters","2026-07-24","79","A","E-mail puis téléphone","Comparateur entre Nour Confort Targa et Nour Prestige Targa : montrer un acheteur qui arbitre entre deux gammes du même groupe sans appeler.","Adresse : Avenue Hassan II, Immeuble Nour 5, Marrakech."
"Chaabi Lil Iskane","https://www.liliskane.com/","Casablanca","Riad Garden I et II ; Amaïa (Marrakech) ; Océane (Sidi Rahal) ; Odyssée et Odyssée Studios (Mohammedia) ; Assalam TG (Tanger) ; Izdihar (Essaouira)","Appartements, studios, logement économique, lots de terrain","https://www.liliskane.com/","Non publié — plus de 7 programmes actifs","Économique à moyen standing, national","Galerie de projets avec filtre par ville et type, pages projet avec prix, simulateur de crédit, newsletter, formulaire ; aucun statut de lot, aucun plan d'étage, aucune sélection d'unité","Un promoteur d'envergure nationale dont le parcours s'arrête à la fiche projet. Le simulateur de crédit existe déjà — la brique manquante est l'inventaire.","Ils ont déjà un simulateur : preuve qu'ils investissent dans l'outil de vente en ligne. La suite logique est l'inventaire par lot. Volume national = contrat multi-programmes.","","","","05 20 39 34 00","","","https://www.liliskane.com/","https://immojahez.com/promoteurs-immobiliers-au-maroc/","2026-07-24","77","A","Téléphone puis courrier au siège","Odyssée (Mohammedia) : montrer la continuité entre leur simulateur existant et le choix du lot, sur un parcours unique.","Adresse : 239 Boulevard Mohammed V, Casablanca. Aucune adresse e-mail publiée : Non vérifié. Groupe Ynna Holding."
"Sama Immobilier","https://samaimmobilier.ma/","Casablanca","Jasmine et Lilas (Bouskoura) ; Panorama et City Zen Residences (Sidi Maârouf) ; Mansbay (Mohammedia) ; Costa Bouznika et Vista Résidences (Bouznika) ; Orangeries et City Laymoune (Casablanca) ; Firdaous (Ain Sebaâ)","Résidences, lots de terrain, bureaux","https://samaimmobilier.ma/fr/nos-projets","Non publié — 15 projets référencés","Moyen standing urbain et balnéaire","Base de projets avec filtres par ville et par nom, pages projet détaillées ; aucune disponibilité par lot, aucun statut, aucun plan d'étage","Quinze projets en portefeuille avec un filtre qui s'arrête au nom du projet. Aucun acheteur ne peut voir un lot disponible.","Le portefeuille le plus large de la base sur la zone Casablanca-Bouskoura-Mohammedia-Bouznika. Le tableau de bord multi-programmes est l'argument central.","","","contact@samaimmobilier.ma","+212 522 08 20 00","","","https://samaimmobilier.ma/fr/nos-projets","https://www.sarouty.ma/blog/quels-sont-les-nouveaux-projets-immobiliers-autour-de-casablanca-en-2026/","2026-07-24","76","A","E-mail puis téléphone","Jasmine (Bouskoura) : même ville que notre démonstration. Montrer le sélecteur d'étage puis basculer sur le tableau de bord pour les 15 programmes.","Présence Facebook, Instagram et LinkedIn signalée sur le site mais URL non relevées : Non vérifié."
"Groupe Jamai","https://www.groupejamai.com/","Casablanca","Anfa Bay, Bab Anassi, Porte Californie (Casablanca) ; Riad El Menara (Marrakech) ; Bab Al Andalous (Tanger) ; Ryad Sofia (Martil) ; Abouab Azemmour ; Nassim et Ryad Sara (Benslimane) ; Ryad Al Ismailia (Fès) ; Ryad Moulay Ismail et Ryad Al Oulfa (Meknès)","Villas, villas semi-finies, haut standing, moyen standing, logement social, lots de terrain","https://www.groupejamai.com/","Non publié — 12+ projets sur 8 villes","Du social au haut standing, national","Recherche par ville, projet et typologie ; simulateurs de crédit reliés à trois banques marocaines ; formulaire de rappel ; aucun statut de lot, aucun plan, aucune disponibilité unitaire","Douze programmes sur huit villes, un moteur de recherche qui s'arrête à la typologie. Le prospect ne sait jamais ce qui reste.","Plus de 45 ans d'activité et une présence nationale : contrat cadre potentiel sur plusieurs programmes. Ils ont déjà intégré des simulateurs bancaires — culture digitale présente.","","","contact@groupejamai.com","+212 522 909 555","","","https://www.groupejamai.com/","https://www.marocannuaire.org/Annuaire/Details_infos.php?id=104418&activite=Promotion+immobiliere&ville=CASABLANCA","2026-07-24","76","A","E-mail puis téléphone","Porte Californie (Casablanca) : montrer la continuité entre leur simulateur bancaire existant et le choix du lot, dans un parcours unique.","Adresse : Km 9, Route d'El Jadida, Z.I. Lissasfa, 20190 Casablanca."
"Lahlou Alaoui Immobilier","https://lahloualaoui.ma/","Bouskoura","Résidence Shems2 (Bouskoura, à partir de 790 000 DHS) ; Perla (Dar Bouazza) ; Villa Palmas (Bouskoura, 4 chambres, 300 m²) ; Résidence Shems1 et Portes d'Oulfa (Casablanca)","Appartements, villas, bureaux et commerces","https://lahloualaoui.ma/","Non publié","Moyen-haut de gamme, familles casablancaises","Pages projet, brochure Shems2 téléchargeable, formulaire de contact, boutons WhatsApp et appel ; aucune recherche de disponibilité, aucun filtre, aucun plan d'étage","Le prix de départ est affiché mais pas un seul lot. L'acheteur qui veut savoir ce qui reste en 3 chambres au 2e étage doit écrire sur WhatsApp.","Adresse e-mail commerciale directement publiée (commercial@lahloualaoui.ma) : la meilleure route d'accès de la base. Shems2 à Bouskoura, ville de notre démonstration.","","","commercial@lahloualaoui.ma","+212 6 08 90 09 01","","","https://lahloualaoui.ma/","https://www.sarouty.ma/blog/quels-sont-les-nouveaux-projets-immobiliers-autour-de-casablanca-en-2026/","2026-07-24","76","A","E-mail commercial puis WhatsApp","Résidence Shems2 (Bouskoura) : la démonstration Azure Bouskoura est déjà à la bonne ville et au bon segment. Personnalisation la plus rapide de toute la base.","Adresse : Maarif, Bloc A, Bd Mohammed Zerktouni, Casablanca. Plus de 30 ans d'activité revendiqués. Ne pas confondre avec Groupe Lahlou Immobilier, société distincte."
"Groupe Addoha","https://www.groupeaddoha.com/","Casablanca","Programmes à Casablanca, Marrakech, Tanger, Rabat, Kénitra, Fès, Meknès, Oujda, Beni Mellal","Logement économique, moyen standing, haut standing via Prestigia","https://www.groupeaddoha.com/","Non publié par lot — dizaines de programmes","Économique et moyen standing, national","Site principalement en arabe, pages projet descriptives ; aucun filtre de disponibilité, aucun plan, aucune recherche de lot ; aucune coordonnée de contact visible sur la page d'accueil","Le premier promoteur du pays par le volume, sans aucun outil de sélection de lot en ligne et sans coordonnées de contact visibles sur sa page d'accueil.","Volume considérable, mais décision très centralisée. Meilleure porte d'entrée : la marque premium Prestigia, traitée comme un prospect distinct.","","","","","","","https://www.groupeaddoha.com/","https://medias24.com/2026/04/20/addoha-alliances-rds-trois-groupes-trois-trajectoires-tres-differentes-en-bourse-1662561/","2026-07-24","76","A","Passer par Prestigia","Ne pas démarcher Addoha directement en premier : entrer par Prestigia (Bouskoura Golf City), puis remonter.","Société cotée à la Bourse de Casablanca. Aucun e-mail ni téléphone publié sur la page d'accueil : Non vérifié. Siège : Km 7, Route de Rabat, Ain Sebâa, Casablanca."
"AMG Building","https://amg-building.com/","Marrakech","M-Road Residence (studios, appartements, duplex, R+5) ; Le Petit Ambassadeur ; Les Ambassadeurs 6 et 7 ; Les Ambassadeurs 5 (villas 3 à 6 chambres) ; Les Ambassadeurs 3","Villas résidentielles et résidence R+5","https://amg-building.com/","Non publié — 8 opérations dont 3 annoncées complètes","Luxe, Marrakech","Pages projet avec prix et mention « complet » au niveau du projet, formulaire de contact, brochure ; aucun statut par lot, aucun filtre, aucun plan d'étage","Ils affichent déjà « complet » ou « disponible » au niveau du projet : le raisonnement par statut existe, mais il s'arrête avant le lot. L'acheteur ne sait pas quelle villa reste dans Les Ambassadeurs 5.","Le seul prospect de la base qui affiche déjà des statuts. Passer du statut projet au statut lot est une évolution qu'ils comprendront en une phrase.","","","","+212 5 24 44 63 85","","","https://amg-building.com/","https://www.chridari.ma/fr/promoters","2026-07-24","76","A","Téléphone puis e-mail via formulaire","Les Ambassadeurs 5 : reprendre leur logique « complet / disponible » et la descendre au niveau de la villa, avec un plan de masse cliquable.","Aucune adresse e-mail publiée : Non vérifié. Adresse : Immeuble Rachid – MB, Av. Khalid Ibn El Oualid, Marrakech 40000. Comptes Facebook, Instagram, Snapchat et LinkedIn signalés mais URL non relevées."
"Groupe Borj","https://www.groupeborj.com/","Kénitra","L'Hivernage ; Borj Park 2 ; Le Carrousel","Résidentiel de standing et commerces","https://www.groupeborj.com/expertise.html","Plus de 2 000 unités livrées depuis 2007 selon le site","Moyen-haut de gamme, Kénitra","Site vitrine avec pages projet ; le certificat TLS du domaine a provoqué une erreur de handshake lors de la vérification du 24/07/2026 — le site peut être inaccessible depuis certains navigateurs et clients","Un problème de certificat rend le site potentiellement inaccessible à une partie des visiteurs. C'est un défaut mesurable, constaté et facile à démontrer.","Ouverture technique concrète et non commerciale : signaler le problème de certificat est un premier contact à forte valeur perçue, sans rien vendre.","","","","","","","https://www.groupeborj.com/","https://www.groupeborj.com/about.html","2026-07-24","75","A","Message technique d'abord (formulaire ou LinkedIn)","Ouvrir sur le diagnostic technique du certificat, puis montrer Borj Park 2 avec un sélecteur d'étage.","Erreur TLS constatée le 24/07/2026 lors d'une tentative de lecture automatisée ; à reconfirmer manuellement dans un navigateur avant tout contact. Aucune coordonnée relevée : Non vérifié."
"Lamine Immobilier","https://lamine-immobilier.com/","Marrakech","L'Hermitage ; Terre d'Atlas ; Jnane El Ali ; Le Pavillon 1 et 2 ; Le Mirage — tous à Guéliz","Résidentiel","https://lamine-immobilier.com/","Non publié — 6 projets à Guéliz","Haut standing, Marrakech centre","Espace client « LAMINE Access » (suivi de chantier en temps réel, service après-vente, réclamations), assistant WhatsApp « Lamia », brochures, formulaire avec sélection de projet ; aucune disponibilité par lot en amont de la vente","Ils ont construit un espace client complet pour l'après-vente, mais rien pour l'avant-vente. Le prospect qui n'a pas encore acheté n'a accès à aucune information de lot.","Argument sur mesure : « vous avez équipé l'après-vente, pas la vente ». Une entreprise qui a déjà financé un portail client accepte plus facilement d'en financer un second.","","","","+212 5 24 20 71 71","","","https://lamine-immobilier.com/","https://www.chridari.ma/fr/promoters","2026-07-24","75","A","Téléphone puis e-mail via formulaire","Le Mirage ou Le Pavillon 2 : montrer le miroir de LAMINE Access côté acquéreur — choisir son lot avant d'acheter, comme il suit son chantier après.","Aucune adresse e-mail publiée : Non vérifié. Adresse : Rue Mouquaouama, Marrakech 40000. Horaires commerciaux publiés : lundi-samedi 9h30-19h."
"SGH Maroc (Karam Development Holding)","https://www.sgh-maroc.com/","Tanger","Diyari Social ; Diyari Premium (route de Rabat) ; Diyari Moyen Standing ; Villas Belazur (Achakar, 32 villas)","Appartements 2 et 3 chambres R+5, villas jumelées et en bande","https://www.sgh-maroc.com/","32 villas sur Belazur ; volumes non publiés sur les programmes Diyari","Social, moyen standing et villas, Tanger","Pages projet descriptives avec équipements ; contact par téléphone, visite en bureau de vente, réseaux sociaux (Facebook, Instagram, TikTok) ; aucune disponibilité, aucun filtre, aucun plan","Quatre gammes distinctes (social, moyen standing, premium, villas) présentées sans aucun outil de sélection. Toute la qualification repose sur les bureaux de vente physiques.","Segmentation en gammes déjà claire dans leur communication : le sélecteur peut la refléter directement. Villas Belazur (32 unités) est un format de démonstration facile à personnaliser.","","","","+212 5 39 39 49 70","","","https://www.sgh-maroc.com/","https://tanger-private-estate.com/promoteur-immobilier-tanger/","2026-07-24","73","B","Téléphone puis réseaux sociaux","Villas Belazur (32 villas) : plan de masse cliquable avec statuts, format directement transposable.","Autres téléphones publiés : +212 6 60 10 61 03, +212 6 19 20 59 98, +212 5 31 06 16 50. Adresse : Riad 17, Boulevard Moulay Rachid, Quartier Souani, Tanger. Aucune adresse e-mail publiée : Non vérifié."
"Espaces Saada / Résidences Dar Saada","https://www.espacessaada.com/","Casablanca","Résidences Des Lilas (Casablanca) ; Targa Garden (Marrakech) ; Les Jardins de l'Atlantique et Dyar El Boughaz (Tanger) ; Dyar Al Bohayra (Fès) ; opérations à Agadir, Berrechid, Martil, Nouaceur, Oujda, Skhirat","Appartements économiques et moyen standing, villas, duplex, lots de terrain","https://www.espacessaada.com/","Carnet de commandes sécurisé de 7,5 milliards de dirhams selon Médias24 ; environ 6 700 unités en construction à Lahraouiyine (Casablanca) et plus de 15 000 logements programmés à Marrakech","Économique et moyen standing, national","Recherche par ville et type de projet, fiches projet avec fourchettes de prix, visites virtuelles 3D sur certains biens, simulateur de crédit, formulaires ; aucun statut de lot, aucun plan d'étage, aucun inventaire unitaire","Des volumes parmi les plus élevés du pays (6 700 unités sur un seul site) gérés avec un site qui s'arrête à la fourchette de prix par projet.","Volume massif : c'est le prospect pour lequel le tableau de bord d'inventaire a la plus forte valeur opérationnelle. Segment économique = budget marketing plus contraint, viser l'offre 2.","","","","05 22 97 97 97","","","https://www.espacessaada.com/","https://medias24.com/2026/07/20/immobilier-cote-pourquoi-rds-fait-mieux-que-ses-rivales-1726045/","2026-07-24","73","B","Téléphone puis courrier au siège","Résidences Des Lilas : montrer que 6 700 lots peuvent être pilotés depuis un seul tableau de bord, avec statuts modifiables par les équipes.","Société cotée (Résidences Dar Saada). WhatsApp publié : +212 6 69 78 34 83. Siège selon Charika : Quartier Marina, Tour Crystal 3, Imm 05, 6e-8e étage, Casablanca ; téléphone 0522979700. Volumes issus de la presse économique, non audités."
"Groupe Al Omrane","https://www.alomrane.gov.ma/","Rabat","621 projets référencés sur la plateforme, dont Al Hayat (Aïn El Aouda), Riad Tamesna, Zahrat Al Jabal (Chrafate), Annouzha (Aït Ourir)","Logement social, lots de terrain, villas, pôles urbains","https://www.alomrane.gov.ma/Nos-produits/Projets","621 projets référencés","Social et intermédiaire, national","Filtres avancés par région, ville, type de bien, budget, nombre de pièces, mode de vente et statut ; e-services (simulation de crédit, prise de rendez-vous, réclamations) ; pas de disponibilité par lot ni de plan d'étage interactif","Le portail le plus abouti du secteur au niveau projet, mais toujours aucun lot individuel consultable.","Établissement public : achat par marché public, cycle long et procédure formelle. Fort volume, faible probabilité de première vente rapide.","","","","080 100 15 16","","","https://www.alomrane.gov.ma/","https://www.alomrane.gov.ma/Nos-produits/Projets","2026-07-24","73","B","Veille des appels d'offres publics","Ne pas démarcher en direct : surveiller les consultations publiques. Aucune démonstration personnalisée à produire à ce stade.","Entreprise publique créée en 2007, 10 filiales régionales. Achats soumis à la réglementation des marchés publics — à faire confirmer avant tout investissement commercial."
"Miftah Immobilier (ALH Real Estate)","https://miftahimmobilier.ma/","Casablanca","Miftah Arraha IV et V (Safi) ; Miftah Al Atlas II (Marrakech) ; Miftah Al Bahr (Sidi Rahal)","Appartements 3 chambres, projet balnéaire","https://miftahimmobilier.ma/","Non publié","Économique et social","Filtre par statut (en cours de commercialisation / livrés), pages projet descriptives, formulaire de prise de rendez-vous ; aucune recherche de lot, aucun plan, aucun statut unitaire","Six bureaux de vente physiques (Tanger, Casablanca, Safi, Agadir, Marrakech, Sidi Rahal) et un numéro unique pour tout le pays : toute la qualification repose sur l'humain.","Marque du segment économique et social d'ALH Real Estate, groupe de plus de 60 ans. Le budget existe au niveau groupe ; le segment est peu premium.","","","","+212 5 22 95 32 32","","","https://miftahimmobilier.ma/","https://immojahez.com/promoteurs-immobiliers-au-maroc/","2026-07-24","72","B","Téléphone puis bureau de vente","Miftah Al Bahr (Sidi Rahal) : projet balnéaire où la vue et l'orientation justifient un sélecteur d'étage.","Aucune adresse e-mail publiée : Non vérifié. Ils affichent déjà un filtre par statut au niveau projet — bonne base de discussion."
"Groupe Allali","https://allali.ma/","Mohammedia","Section « Nos projets récents » présente sur le site ; noms de projets non détaillés sur la page d'accueil","Non détaillé sur la page d'accueil","https://allali.ma/","Non publié","Non identifiable depuis la page d'accueil","Pages projet, formulaire de contact, assistant WhatsApp « Alia » disponible 24h/24 ; aucune disponibilité, aucun filtre, aucun plan","Ils ont investi dans un agent conversationnel WhatsApp disponible en permanence, mais le visiteur n'a toujours aucune information de lot à lui demander.","Argument direct : un assistant 24h/24 qui ne peut répondre à « quels lots restent au 3e étage ? » ne sert qu'à moitié. Coordonnées complètes publiées (e-mail, téléphone, adresse, horaires).","","","contact@allali.ma","+212 523 30 40 50","","","https://allali.ma/","https://immojahez.com/promoteurs-immobiliers-au-maroc/","2026-07-24","72","B","E-mail puis téléphone","Ne pas produire de démonstration nommée avant d'avoir identifié un projet précis. Ouvrir sur l'assistant Alia et ce qu'il ne peut pas répondre aujourd'hui.","Projets non identifiés depuis la page d'accueil : Non vérifié. Adresse : Place Mohamed V, Résidence Du Centre, Mohammedia. Horaires : lun-ven 8h30-17h30, sam 9h-12h."
"Romana Immobilier","https://www.romana.ma/","Kénitra","Résidence Victoria (Témara) ; Résidence Belvédère (Sala Al Jadida) ; Lotissement Al Baraka (Ain Attik) ; Lotissement Riad Al Khair (Bouznika)","Appartements et lots de terrain","https://www.romana.ma/","Non publié","Moyen standing, axe Rabat-Kénitra-Bouznika","Pages projet, formulaires de contact, liens WhatsApp vers les équipes commerciales par agence ; aucune recherche, aucune disponibilité, aucun filtre","Trois agences avec des numéros différents et aucune information de disponibilité en ligne : le prospect doit deviner quelle agence appeler.","Le tableau de bord partagé résout un problème qu'ils ont concrètement : trois points de vente qui doivent voir le même inventaire.","","","","06 22 10 20 30","","","https://www.romana.ma/","https://immojahez.com/promoteurs-immobiliers-au-maroc/","2026-07-24","70","B","WhatsApp puis téléphone","Résidence Victoria (Témara) : mettre en avant l'inventaire partagé entre les trois agences plutôt que l'esthétique.","Autres numéros publiés par agence : 0613 203 040 (Témara), 0666 330 913 et 0666 886 620 (Sala Al Jadida), 0666 264 852 (Bouznika). Aucune adresse e-mail publiée : Non vérifié. Activité immobilière depuis les années 1980."
"Mouden Real Estate","https://www.moudenrealestate.com/","Tanger","Résidences Mouden (Tanger, en commercialisation) ; Résidences Rahma (Tanger, vendu) ; Perla Del Mar (Martil, vendu)","Résidentiel et complexe balnéaire","https://www.moudenrealestate.com/","Non publié","Moyen standing, nord du Maroc","Pages projet statiques avec liens « Voir », formulaire de contact ; aucune disponibilité, aucun filtre, aucun plan","Ils distinguent déjà « en commercialisation » et « vendu » au niveau du projet, mais aucun lot n'est visible. Un projet marqué « vendu » n'apporte plus rien au visiteur.","Structure de taille modeste : décideur probablement accessible directement. Bon candidat pour un premier contrat rapide en offre 1 ou 2.","","","mouchef.immo@gmail.com","0661 609689","","","https://www.moudenrealestate.com/","https://tanger-private-estate.com/promoteur-immobilier-tanger/","2026-07-24","70","B","E-mail puis téléphone","Résidences Mouden : montrer le passage du statut « en commercialisation » au niveau projet à un statut par lot.","Adresse e-mail relevée avec deux graphies possibles sur le site (mouchef / moudchef) : à confirmer manuellement avant envoi. Second téléphone : 0666 964700. Adresse : Local N2, Rés Rahma 1, Qua Beni Touzine, Hay Sidi Idris, Bni Makada, Tanger. Fondée en 2002."
"Manafiaa Investissements","https://www.manafiaa.com/","Kénitra","Manafiaa Premium (Kénitra)","Appartements subventionnés, appartements premium, plateaux de bureaux, magasins","https://www.manafiaa.com/","37 biens en catégorie appartements et 1 en bureaux affichés sur le site","Subventionné et premium, Kénitra","Filtres par type de bien, chambres, salles de bain et fourchette de prix ; documentation technique via formulaire ; pas de statut par lot ni de plan d'étage interactif","Ils affichent déjà 37 biens filtrables : la logique d'inventaire existe, mais sans statut Disponible/Réservé/Vendu ni sélection par étage.","Prospect qui a déjà franchi la moitié du chemin. La vente porte sur les statuts, le sélecteur d'étage et le tableau de bord — argumentaire court et précis.","","","info@manafiaa.com","0666 217750","","","https://www.manafiaa.com/","https://www.chridari.ma/fr/promoters","2026-07-24","67","B","E-mail puis téléphone","Manafiaa Premium : reprendre leurs 37 biens et montrer ce que change l'ajout des statuts et du sélecteur d'étage.","Ouvert du lundi au samedi selon le site."
"Balia Baie","https://www.baliabaie.com/","Tanger","Complexe résidentiel fermé Zohor (Tanger) ; Projet Makelaar","Résidentiel en complexe fermé, commercial et mixte, lots de terrain","https://www.baliabaie.com/","Non publié","Moyen standing, Tanger","Pages projet avec images, formulaire de contact, lien WhatsApp, boutons de navigation ; aucune recherche, aucun statut, aucun plan","Deux projets présentés sans aucune information exploitable : ni typologies, ni surfaces, ni disponibilités.","Petite structure, décideur très probablement joignable directement. Adresse e-mail publiée. Candidat pour une première vente rapide en offre 1.","","","Baliabaietanger@gmail.com","+212 666731743","","","https://www.baliabaie.com/","https://tanger-private-estate.com/promoteur-immobilier-tanger/","2026-07-24","66","B","E-mail puis WhatsApp","Complexe Zohor : démonstration simple centrée sur le catalogue de lots et les statuts, sans sur-promettre.","Horaires publiés : lundi-samedi 10h-18h. Adresse : Tanja Balia, rue Rocade des Deux Mers, lotissement Wahda n°322, Tanger."
"ALAQ Holding","https://alaqholding.com/","Agadir","Activité de promotion immobilière déclarée à Agadir, Marrakech, Casablanca, Rabat et Tanger ; aucun projet nommé sur le site","Promotion immobilière haut de gamme (déclaratif)","https://alaqholding.com/promotion-immobiliere-a-agadir/","Non publié","Haut de gamme (déclaratif)","Site corporate avec sections Industries, Construction/Promotion et Distribution, page FAQ, formulaire de contact ; aucun projet nommé, aucune disponibilité, aucun visuel de programme","Une holding qui déclare faire de la promotion immobilière haut de gamme dans cinq villes sans nommer un seul projet ni montrer un seul bien.","Coordonnées complètes publiées. Le besoin est évident mais le portefeuille réel n'est pas vérifiable : qualifier par téléphone avant d'investir dans une démonstration.","","","contact@alaqholding.com","+212 624446458","","","https://alaqholding.com/promotion-immobiliere-a-agadir/","https://agadirimmobilier.org/2025/05/26/%F0%9F%8F%97%EF%B8%8F-les-promoteurs-immobiliers-a-agadir-panorama-des-acteurs-du-marche/","2026-07-24","64","B","E-mail puis téléphone","Aucune démonstration nommée avant qualification : aucun projet public identifié. Qualifier d'abord.","Aucun projet nommé publiquement : Non vérifié. Second téléphone : +212767915425. Adresse : 25, zone industrielle Sidi Ghanem-3, 40010 Marrakech."
"Marita Group (filiale SMI)","https://www.maritagroup.com/","Rabat","Promotion immobilière déclarée via la filiale SMI ; aucun projet nommé sur le site","Promotion immobilière, tous standings (déclaratif)","https://www.maritagroup.com/en/home/","Non publié","Non identifiable","Site corporate multilingue (FR, EN, AR), menus sectoriels, rubrique actualités, formulaire de contact ; aucun projet immobilier nommé, aucune disponibilité","Un groupe fondé en 1994 qui revendique « plusieurs projets de grande envergure » sans en nommer un seul publiquement.","Coordonnées complètes publiées. Qualifier par e-mail avant tout investissement : le portefeuille immobilier réel n'est pas documenté publiquement.","","","contact@maritagroup.com","+212 5 37 73 68 24","","","https://www.maritagroup.com/en/home/","https://www.charika.ma/societe-marita-immobiliere-131299","2026-07-24","44","C","E-mail de qualification","Aucune démonstration avant d'avoir identifié un projet réel.","Aucun projet nommé publiquement : Non vérifié. Critère « projet actif » noté 0 faute de projet identifiable. Adresse : 17 Av. Hassan Tower, Rabat 10020."
"RAPROMO (Groupe Rahioui)","https://www.rapromo.ma/","Kénitra","Résidence Fahd ; Résidence Younous ; Résidence Hamza (Mimouza, 72 à 145 m²) ; Résidence Sable d'Or ; Résidence Copacabana ; Les Résidences Rahioui Assam et Skhirat ; Centre commercial Benomar","Appartements 1 à 3 chambres, commerces","https://www.rapromo.ma/","Non publié — 8 opérations référencées","Moyen standing, Kénitra et Skhirat","Recherche avec filtres avancés (localisation, prix, chambres, équipements), fiches agents, système de favoris, outil de comparaison, formulaire de rappel ; pas de statut Disponible/Réservé/Vendu ni de sélecteur d'étage","Ils ont déjà un moteur de recherche et un comparateur : ce qui manque est le statut par lot et la lecture par étage, donc la partie qui déclenche la décision.","Prospect avancé : argumentaire ciblé sur les statuts et le sélecteur d'étage uniquement. Vente plus courte mais valeur perçue plus faible — viser l'offre 2.","","","rapromosarl@gmail.com","+212 5 37 32 44 76","","","https://www.rapromo.ma/","https://www.facebook.com/Rapromo.ma/","2026-07-24","61","B","E-mail puis téléphone","Résidence Hamza : ajouter les statuts et le sélecteur d'étage à un moteur de recherche qu'ils ont déjà.","Second téléphone : +212 6 41 41 00 19. Adresse : angle rue Loubnane et rue Ibn Battouta, bureau n°2, Kénitra."
"Elrayan Immobilier","https://elrayan-immobilier.ma/","Kénitra","Complexe Al Anouar ; Mellah Centre ; Résidence Al Firdaous ; Complexe Al Saada ; Résidence Souhail ; Résidence El Baraka ; Yakout ; Nor ; Sami","Appartements 2 et 3 chambres, plateaux de bureaux, magasins","https://elrayan-immobilier.ma/","Non publié — 9 opérations référencées","Moyen standing, Kénitra","Filtres par prix (400 000 à 2 400 000 DH), chambres, salles de bain, type de bien et équipements ; demande de rappel ; pas de statut par lot ni de sélecteur d'étage","Neuf programmes avec un moteur de recherche par prix mais aucun statut de disponibilité : le prospect trouve un bien qui peut déjà être vendu.","Prospect avancé sur la recherche, absent sur le statut. Argument très concret : « votre visiteur peut tomber sur un lot déjà vendu ».","Rajae Tantaoui","Responsable Commercial","","+212 666 811970","","","https://elrayan-immobilier.ma/","https://www.chridari.ma/fr/promoters","2026-07-24","59","B","Téléphone puis e-mail","Complexe Al Saada : ajouter les statuts Disponible/Réservé/Vendu à leur moteur existant.","Nom et fonction publiés par l'entreprise sur son propre site à des fins commerciales ; aucune coordonnée personnelle relevée. Adresse e-mail affichée sur le site avec une graphie apparemment erronée : à vérifier manuellement avant envoi. Second téléphone : +212 666875812. Adresse : Résidence Rayan, angle Av Imam Ali et rue Moulay Abdellah, Kénitra 14050."
"Groupe Lahlou Immobilier","https://www.groupelahlou-immo.com/","Casablanca","Non vérifié — site non inspecté en détail lors de cette phase","Non vérifié","","Non publié","Non vérifié","Non vérifié — à inspecter","À qualifier","Compte Instagram professionnel actif identifié. À qualifier avant tout investissement commercial.","","","","","","https://www.instagram.com/groupelahlou.immo/","https://www.groupelahlou-immo.com/","https://www.instagram.com/groupelahlou.immo/","2026-07-24","50","C","Instagram puis site","Aucune démonstration avant qualification.","Non vérifié : site non inspecté. Société créée en 1994 selon les résultats de recherche. Ne pas confondre avec Lahlou Alaoui Immobilier, société distincte."
"AAFER Immobilier","","Tanger","Non vérifié — projets résidentiels, villas et commerces mentionnés par une source tierce","Appartements, villas, commerces (source tierce)","","Non publié","Haut de gamme (source tierce)","Non vérifié — aucun site officiel identifié","À qualifier : aucun site officiel trouvé lors de la vérification du 24/07/2026","Absence apparente de site officiel = besoin maximal, mais à confirmer avant tout contact.","","","","","","","https://tanger-private-estate.com/promoteur-immobilier-tanger/aafer-immobilier/","https://www.levanaproperties.com/developers/","2026-07-24","52","C","Recherche complémentaire requise","Aucune démonstration avant d'avoir identifié un site et un projet réels.","Non vérifié : aucun site officiel, aucune coordonnée, aucun projet nommé confirmé. Deux sources tierces concordantes sur l'existence de l'entreprise."
"Groupe RBAHI","","Tanger","Non vérifié — complexes résidentiels, commerces, bureaux et resorts à Tétouan, Cabo Negro, Tanger, Martil et M'diq selon une source tierce","Résidentiel, commercial, resort (source tierce)","","Non publié","Moyen-haut de gamme (source tierce)","Non vérifié — aucun site officiel identifié","À qualifier : aucun site officiel trouvé lors de la vérification du 24/07/2026","Présence multi-villes dans le nord ; suivi après-vente revendiqué par la source. À confirmer.","","","","","","","https://tanger-private-estate.com/promoteur-immobilier-tanger/groupe-rbahi/","","2026-07-24","50","C","Recherche complémentaire requise","Aucune démonstration avant qualification.","Non vérifié : source unique, aucun site officiel, aucune coordonnée. Une seule source — ne pas contacter en l'état."
"Kettani Immobilier","https://www.kettani-immobilier.com/","Casablanca","Non vérifié — page « Nos projets » existante mais contenu non lisible lors de la vérification","Non vérifié","https://www.kettani-immobilier.com/nos-projets","Non publié","Non vérifié","Site présent, se présentant comme « Promoteur de confiance » ; contenu des pages projet non lisible par lecture automatisée le 24/07/2026","À qualifier manuellement : le site n'a pas restitué son contenu lors de la vérification","Site possiblement lourd ou dépendant de scripts — c'est en soi un signal de faiblesse technique à confirmer dans un navigateur.","","","","","","","https://www.kettani-immobilier.com/","https://immojahez.com/promoteurs-immobiliers-au-maroc/","2026-07-24","50","C","Inspection manuelle requise","Aucune démonstration avant inspection manuelle du site.","Non vérifié : projets et coordonnées non relevés. Le contenu n'a pas pu être lu automatiquement — vérifier dans un navigateur."
"Chaabane Immobilier","https://chaabaneimmobilier.com/","Casablanca","Non vérifié — contenu non lisible lors de la vérification du 24/07/2026","Non vérifié","","Non publié","Non vérifié","Domaine actif mais aucun contenu restitué par lecture automatisée le 24/07/2026","À qualifier manuellement","Un site qui ne restitue aucun contenu est soit très léger, soit défaillant : les deux cas sont des ouvertures commerciales. À confirmer.","","","","","","","https://chaabaneimmobilier.com/","https://immojahez.com/promoteurs-immobiliers-au-maroc/","2026-07-24","48","C","Inspection manuelle requise","Aucune démonstration avant inspection manuelle.","Non vérifié : aucun projet, aucune coordonnée relevés."
"Salma Développement","","Dar Bouazza","S-Living (Dar Bouazza) — studios et petites surfaces","Studios et petites unités","","Non publié","Investisseurs et primo-accédants","Non vérifié — aucun site officiel identifié","À qualifier : projet identifié par une source spécialisée locale, aucun site officiel trouvé","Projet récent sur une zone prioritaire. Absence de site = besoin fort, mais l'entreprise doit d'abord être confirmée.","","","","","","","https://www.icidarbouazza.com/dar-bouazza-projets-immobilier-2025/","","2026-07-24","52","C","Recherche complémentaire requise","Aucune démonstration avant confirmation de l'entreprise et du projet.","Non vérifié : source unique, aucun site officiel, aucune coordonnée. Ne pas contacter en l'état."
"Bousakane Immobilier","https://bousakane.com/","Agadir","Non vérifié — appartements, villas, bureaux et commerces mentionnés par une source tierce","Appartements, villas, bureaux, commerces (source tierce)","","Non publié","Moyen standing, Agadir (source tierce)","Site officiel constaté à l'état de gabarit non configuré le 24/07/2026 : contenu de démonstration WordPress non modifié, coordonnées de remplissage (email@email.com, +123456789)","Le site officiel n'a jamais été mis en service. Un promoteur de plus de 35 ans revendiqués sans présence en ligne fonctionnelle.","Le besoin est maximal et démontrable en une capture d'écran. Mais aucune coordonnée exploitable : passer par les réseaux sociaux ou le bureau de vente physique.","","","","","","","https://bousakane.com/","https://agadirimmobilier.org/2025/05/26/%F0%9F%8F%97%EF%B8%8F-les-promoteurs-immobiliers-a-agadir-panorama-des-acteurs-du-marche/","2026-07-24","44","C","Réseaux sociaux ou bureau de vente","Montrer leur propre page d'accueil non configurée à côté d'un bureau de vente digital. Argument visuel très fort, à manier avec tact.","État du site vérifié le 24/07/2026. Critère « projet actif » noté 8 : projets évoqués par un tiers mais aucun nommé. Aucune route de contact vérifiée : critère 5 noté 0. Coordonnées affichées manifestement factices : non retenues. Liens Facebook, Instagram, X et TikTok présents sur le site mais URL non relevées : Non vérifié."
"Taboug Building","","Agadir","Non vérifié — projets résidentiels neufs mentionnés par une source spécialisée locale","Résidentiel neuf (source tierce)","","Non publié","Moyen standing, Agadir (source tierce)","Non vérifié — aucun site officiel identifié","À qualifier","Marché d'Agadir en forte activité (livraisons 2025-2027). À confirmer avant tout contact.","","","","","","","https://agadirimmobilier.org/2025/05/26/%F0%9F%8F%97%EF%B8%8F-les-promoteurs-immobiliers-a-agadir-panorama-des-acteurs-du-marche/","","2026-07-24","48","C","Recherche complémentaire requise","Aucune démonstration avant qualification.","Non vérifié : source unique, aucun site officiel, aucune coordonnée."
"Al Houda Groupe","","Marrakech","3 projets référencés par un portail immobilier marocain","Non vérifié","","3 projets référencés","Non vérifié","Non vérifié","À qualifier","Portefeuille de 3 projets sur une ville prioritaire. À vérifier avant contact.","","","","","","","https://www.chridari.ma/fr/promoters","","2026-07-24","45","C","Recherche complémentaire requise","Aucune démonstration avant qualification.","Non vérifié : source unique (portail). Aucun site officiel ni coordonnée relevés."
"Kayaz Invest","","Casablanca","2 projets référencés par un portail immobilier marocain","Non vérifié","","2 projets référencés","Non vérifié","Non vérifié","À qualifier","Ville prioritaire. À vérifier avant contact.","","","","","","","https://www.chridari.ma/fr/promoters","","2026-07-24","43","C","Recherche complémentaire requise","Aucune démonstration avant qualification.","Non vérifié : source unique (portail)."
"Abraj Développement","","Casablanca","2 projets référencés par un portail immobilier marocain","Non vérifié","","2 projets référencés","Non vérifié","Non vérifié","À qualifier","Ville prioritaire. À vérifier avant contact.","","","","","","","https://www.chridari.ma/fr/promoters","","2026-07-24","43","C","Recherche complémentaire requise","Aucune démonstration avant qualification.","Non vérifié : source unique (portail)."
"New Horizon","","Casablanca","2 projets référencés par un portail immobilier marocain","Non vérifié","","2 projets référencés","Non vérifié","Non vérifié","À qualifier","Ville prioritaire. À vérifier avant contact.","","","","","","","https://www.chridari.ma/fr/promoters","","2026-07-24","43","C","Recherche complémentaire requise","Aucune démonstration avant qualification.","Non vérifié : source unique (portail)."
"Canal Iskane","","Casablanca","2 projets référencés par un portail immobilier marocain","Non vérifié","","2 projets référencés","Non vérifié","Non vérifié","À qualifier","Ville prioritaire. À vérifier avant contact.","","","","","","","https://www.chridari.ma/fr/promoters","","2026-07-24","43","C","Recherche complémentaire requise","Aucune démonstration avant qualification.","Non vérifié : source unique (portail)."
"BLR Promotion","","Casablanca","1 projet référencé par un portail immobilier marocain","Non vérifié","","1 projet référencé","Non vérifié","Non vérifié","À qualifier","Ville prioritaire mais portefeuille réduit. Faible priorité.","","","","","","","https://www.chridari.ma/fr/promoters","","2026-07-24","38","C","Recherche complémentaire requise","Aucune démonstration avant qualification.","Non vérifié : source unique (portail)."
"Les Iris","","Mohammedia","2 projets référencés par un portail immobilier marocain","Non vérifié","","2 projets référencés","Non vérifié","Non vérifié","À qualifier","Ville prioritaire. À vérifier avant contact.","","","","","","","https://www.chridari.ma/fr/promoters","","2026-07-24","43","C","Recherche complémentaire requise","Aucune démonstration avant qualification.","Non vérifié : source unique (portail)."
"Arena Immobilier","","Kénitra","3 projets référencés par un portail immobilier marocain","Non vérifié","","3 projets référencés","Non vérifié","Non vérifié","À qualifier","Ville prioritaire, 3 projets. À vérifier avant contact.","","","","","","","https://www.chridari.ma/fr/promoters","","2026-07-24","45","C","Recherche complémentaire requise","Aucune démonstration avant qualification.","Non vérifié : source unique (portail)."
"El Jirari Groupe","","Kénitra","2 projets référencés par un portail immobilier marocain","Non vérifié","","2 projets référencés","Non vérifié","Non vérifié — page Facebook professionnelle identifiée","À qualifier","Ville prioritaire. Page Facebook professionnelle repérée mais non vérifiée en détail.","","","","","","","https://www.chridari.ma/fr/promoters","https://www.facebook.com/eljirarigroupeofficiel/","2026-07-24","45","C","Recherche complémentaire requise","Aucune démonstration avant qualification.","Non vérifié : aucun site officiel ni coordonnée relevés."
"Atik Immobilier","","Marrakech","3 projets référencés par un portail immobilier marocain","Non vérifié","","3 projets référencés","Non vérifié","Non vérifié","À qualifier","Ville prioritaire, 3 projets. À vérifier avant contact.","","","","","","","https://www.chridari.ma/fr/promoters","","2026-07-24","45","C","Recherche complémentaire requise","Aucune démonstration avant qualification.","Non vérifié : source unique (portail)."
"Tasnime Immobilier","","Marrakech","2 projets référencés par un portail immobilier marocain","Non vérifié","","2 projets référencés","Non vérifié","Non vérifié","À qualifier","Ville prioritaire. À vérifier avant contact.","","","","","","","https://www.chridari.ma/fr/promoters","","2026-07-24","43","C","Recherche complémentaire requise","Aucune démonstration avant qualification.","Non vérifié : source unique (portail)."
"Signature Immobilier","","Marrakech","1 projet référencé par un portail immobilier marocain","Non vérifié","","1 projet référencé","Non vérifié","Non vérifié","À qualifier","Ville prioritaire mais portefeuille réduit.","","","","","","","https://www.chridari.ma/fr/promoters","","2026-07-24","38","C","Recherche complémentaire requise","Aucune démonstration avant qualification.","Non vérifié : source unique (portail)."
"Odyssey Immo","","Marrakech","1 projet référencé par un portail immobilier marocain","Non vérifié","","1 projet référencé","Non vérifié","Non vérifié","À qualifier","Ville prioritaire mais portefeuille réduit.","","","","","","","https://www.chridari.ma/fr/promoters","","2026-07-24","38","C","Recherche complémentaire requise","Aucune démonstration avant qualification.","Non vérifié : source unique (portail)."
"Goldstar Résidences","","Marrakech","1 projet référencé par un portail immobilier marocain","Non vérifié","","1 projet référencé","Non vérifié","Non vérifié","À qualifier","Ville prioritaire mais portefeuille réduit.","","","","","","","https://www.chridari.ma/fr/promoters","","2026-07-24","38","C","Recherche complémentaire requise","Aucune démonstration avant qualification.","Non vérifié : source unique (portail)."
"Talmoust Immobilier","","Kénitra","1 projet référencé par un portail immobilier marocain","Non vérifié","","1 projet référencé","Non vérifié","Non vérifié","À qualifier","Ville prioritaire mais portefeuille réduit.","","","","","","","https://www.chridari.ma/fr/promoters","","2026-07-24","38","C","Recherche complémentaire requise","Aucune démonstration avant qualification.","Non vérifié : source unique (portail)."
"Palast Building","","Agadir","1 projet référencé par un portail immobilier marocain","Non vérifié","","1 projet référencé","Non vérifié","Non vérifié","À qualifier","Ville prioritaire mais portefeuille réduit.","","","","","","","https://www.chridari.ma/fr/promoters","","2026-07-24","38","C","Recherche complémentaire requise","Aucune démonstration avant qualification.","Non vérifié : source unique (portail)."
"Groupe Belkhayat Immobilier","","Fès","3 projets référencés par un portail immobilier marocain","Non vérifié","","3 projets référencés","Non vérifié","Non vérifié","À qualifier","Hors zone prioritaire mais portefeuille de 3 projets.","","","","","","","https://www.chridari.ma/fr/promoters","","2026-07-24","40","C","Recherche complémentaire requise","Aucune démonstration avant qualification.","Non vérifié : source unique (portail). Fès hors des 9 villes prioritaires."
"Groupe Ryham","","Fès","2 projets référencés par un portail immobilier marocain","Non vérifié","","2 projets référencés","Non vérifié","Non vérifié","À qualifier","Hors zone prioritaire.","","","","","","","https://www.chridari.ma/fr/promoters","","2026-07-24","38","C","Recherche complémentaire requise","Aucune démonstration avant qualification.","Non vérifié : source unique (portail). Fès hors des 9 villes prioritaires."
"Groupe Belhaj Liliskane","","Tanger","1 projet référencé par un portail immobilier marocain","Non vérifié","","1 projet référencé","Non vérifié","Non vérifié","À qualifier","Ville prioritaire mais portefeuille réduit. Vérifier qu'il ne s'agit pas d'une entité liée à Chaabi Lil Iskane.","","","","","","","https://www.chridari.ma/fr/promoters","","2026-07-24","38","C","Recherche complémentaire requise","Aucune démonstration avant qualification.","Non vérifié : source unique (portail). Risque d'homonymie avec Chaabi Lil Iskane : à lever avant contact."
"Arab Maroc Bâtiment","","Marrakech","1 projet référencé par un portail immobilier marocain","Non vérifié","","1 projet référencé","Non vérifié","Non vérifié","À qualifier","Ville prioritaire mais portefeuille réduit.","","","","","","","https://www.chridari.ma/fr/promoters","","2026-07-24","38","C","Recherche complémentaire requise","Aucune démonstration avant qualification.","Non vérifié : source unique (portail)."
